<?xml version="1.0" encoding="UTF-8"?>
<GenRun Id="impl_4" LaunchPart="xc7z020clg484-1" LaunchTime="1721935552">
  <File Type="ROUTE-PWR" Name="Processor_power_routed.rpt"/>
  <File Type="PA-TCL" Name="InstructionMemory.tcl"/>
  <File Type="ROUTE-PWR-SUM" Name="Processor_power_summary_routed.pb"/>
  <File Type="REPORTS-TCL" Name="InstructionMemory_reports.tcl"/>
  <File Type="BITSTR-MSK" Name="InstructionMemory.msk"/>
  <File Type="ROUTE-CLK" Name="Processor_clock_utilization_routed.rpt"/>
  <File Type="RDI-RDI" Name="InstructionMemory.vdi"/>
  <File Type="POSTROUTE-PHYSOPT-BUS-SKEW-PB" Name="Processor_bus_skew_postroute_physopted.pb"/>
  <File Type="BG-BIT" Name="InstructionMemory.bit"/>
  <File Type="BG-DRC" Name="InstructionMemory.drc"/>
  <File Type="BG-BGN" Name="InstructionMemory.bgn"/>
  <File Type="BG-BIN" Name="InstructionMemory.bin"/>
  <File Type="BITSTR-RBT" Name="InstructionMemory.rbt"/>
  <File Type="BITSTR-NKY" Name="InstructionMemory.nky"/>
  <File Type="BITSTR-BMM" Name="InstructionMemory_bd.bmm"/>
  <File Type="BITSTR-MMI" Name="InstructionMemory.mmi"/>
  <File Type="ROUTE-METHODOLOGY-DRC" Name="Processor_methodology_drc_routed.rpt"/>
  <File Type="BITSTR-SYSDEF" Name="InstructionMemory.sysdef"/>
  <File Type="ROUTE-METHODOLOGY-DRC-PB" Name="Processor_methodology_drc_routed.pb"/>
  <File Type="BITSTR-LTX" Name="debug_nets.ltx"/>
  <File Type="BITSTR-LTX" Name="InstructionMemory.ltx"/>
  <File Type="BOOT-PDI-FILE" Name="InstructionMemory_boot.pdi"/>
  <File Type="WBT-USG" Name="usage_statistics_webtalk.html"/>
  <File Type="NPI_FILE" Name="InstructionMemory.npi"/>
  <File Type="OPT-DRC" Name="Processor_drc_opted.rpt"/>
  <File Type="RBD_FILE" Name="InstructionMemory.rbd"/>
  <File Type="OPT-HWDEF" Name="InstructionMemory.hwdef"/>
  <File Type="PLACE-IO" Name="Processor_io_placed.rpt"/>
  <File Type="PLACE-UTIL" Name="Processor_utilization_placed.rpt"/>
  <File Type="PLACE-UTIL-PB" Name="Processor_utilization_placed.pb"/>
  <File Type="PLACE-CTRL" Name="Processor_control_sets_placed.rpt"/>
  <File Type="PLACE-PRE-SIMILARITY" Name="InstructionMemory_incremental_reuse_pre_placed.rpt"/>
  <File Type="ROUTE-DRC" Name="Processor_drc_routed.rpt"/>
  <File Type="ROUTE-DRC-PB" Name="Processor_drc_routed.pb"/>
  <File Type="ROUTE-PWR-RPX" Name="Processor_power_routed.rpx"/>
  <File Type="ROUTE-STATUS" Name="Processor_route_status.rpt"/>
  <File Type="ROUTE-STATUS-PB" Name="Processor_route_status.pb"/>
  <File Type="ROUTE-DCP" Name="InstructionMemory_routed.dcp"/>
  <File Type="ROUTE-ERROR-DCP" Name="InstructionMemory_routed_error.dcp"/>
  <File Type="ROUTE-BLACKBOX-DCP" Name="InstructionMemory_routed_bb.dcp"/>
  <File Type="ROUTE-TIMINGSUMMARY" Name="Processor_timing_summary_routed.rpt"/>
  <File Type="ROUTE-TIMING-PB" Name="InstructionMemory_timing_summary_routed.pb"/>
  <File Type="ROUTE-TIMING-RPX" Name="Processor_timing_summary_routed.rpx"/>
  <File Type="ROUTE-SIMILARITY" Name="Processor_incremental_reuse_routed.rpt"/>
  <File Type="ROUTE-BUS-SKEW" Name="Processor_bus_skew_routed.rpt"/>
  <File Type="ROUTE-BUS-SKEW-PB" Name="Processor_bus_skew_routed.pb"/>
  <File Type="ROUTE-BUS-SKEW-RPX" Name="Processor_bus_skew_routed.rpx"/>
  <File Type="OPT-DCP" Name="InstructionMemory_opt.dcp"/>
  <File Type="PLACE-DCP" Name="InstructionMemory_placed.dcp"/>
  <File Type="PWROPT-DCP" Name="InstructionMemory_pwropt.dcp"/>
  <File Type="POSTPLACE-PWROPT-DCP" Name="InstructionMemory_postplace_pwropt.dcp"/>
  <File Type="PHYSOPT-DCP" Name="InstructionMemory_physopt.dcp"/>
  <File Type="POSTROUTE-PHYSOPT-DCP" Name="InstructionMemory_postroute_physopt.dcp"/>
  <File Type="POSTROUTE-PHYSOPT-BLACKBOX-DCP" Name="InstructionMemory_postroute_physopt_bb.dcp"/>
  <File Type="POSTROUTE-PHYSOPT-TIMING" Name="Processor_timing_summary_postroute_physopted.rpt"/>
  <File Type="POSTROUTE-PHYSOPT-TIMING-PB" Name="Processor_timing_summary_postroute_physopted.pb"/>
  <File Type="POSTROUTE-PHYSOPT-TIMING-RPX" Name="Processor_timing_summary_postroute_physopted.rpx"/>
  <File Type="POSTROUTE-PHYSOPT-BUS-SKEW" Name="Processor_bus_skew_postroute_physopted.rpt"/>
  <File Type="POSTROUTE-PHYSOPT-BUS-SKEW-RPX" Name="Processor_bus_skew_postroute_physopted.rpx"/>
  <File Type="ROUTE-DRC-RPX" Name="Processor_drc_routed.rpx"/>
  <File Type="ROUTE-METHODOLOGY-DRC-RPX" Name="Processor_methodology_drc_routed.rpx"/>
  <File Type="PDI-FILE" Name="InstructionMemory.pdi"/>
  <File Type="PL-PDI-FILE" Name="InstructionMemory_pld.pdi"/>
  <File Type="RCFI_FILE" Name="InstructionMemory.rcfi"/>
  <File Type="CFI_FILE" Name="InstructionMemory.cfi"/>
  <File Type="RNPI_FILE" Name="InstructionMemory.rnpi"/>
  <File Type="ROUTE-RQS" Name="InstructionMemory_routed.rqs"/>
  <File Type="POSTROUTE-PHYSOPT-RQS" Name="InstructionMemory_postroute_physopted.rqs"/>
  <File Type="ROUTE-RQS-RPT" Name="route_report_qor_suggestions_0.rpt"/>
  <File Type="POSTROUTE-PHYSOPT-RQS-RPT" Name="postroute_physopt_report_qor_suggestions_0.rpt"/>
  <FileSet Name="sources" Type="DesignSrcs" RelSrcDir="$PSRCDIR/sources_1" RelGenDir="$PGENDIR/sources_1">
    <Filter Type="Srcs"/>
    <File Path="$PSRCDIR/sources_1/new/InstructionMemory.v">
      <FileInfo>
        <Attr Name="UsedIn" Val="synthesis"/>
        <Attr Name="UsedIn" Val="implementation"/>
        <Attr Name="UsedIn" Val="simulation"/>
      </FileInfo>
    </File>
    <File Path="$PSRCDIR/sources_1/new/ALU.v">
      <FileInfo>
        <Attr Name="AutoDisabled" Val="1"/>
        <Attr Name="UsedIn" Val="synthesis"/>
        <Attr Name="UsedIn" Val="implementation"/>
        <Attr Name="UsedIn" Val="simulation"/>
      </FileInfo>
    </File>
    <File Path="$PSRCDIR/sources_1/new/ControlUnit.v">
      <FileInfo>
        <Attr Name="AutoDisabled" Val="1"/>
        <Attr Name="UsedIn" Val="synthesis"/>
        <Attr Name="UsedIn" Val="implementation"/>
        <Attr Name="UsedIn" Val="simulation"/>
      </FileInfo>
    </File>
    <File Path="$PSRCDIR/sources_1/new/ProgramCounter.v">
      <FileInfo>
        <Attr Name="AutoDisabled" Val="1"/>
        <Attr Name="UsedIn" Val="synthesis"/>
        <Attr Name="UsedIn" Val="implementation"/>
        <Attr Name="UsedIn" Val="simulation"/>
      </FileInfo>
    </File>
    <File Path="$PSRCDIR/sources_1/new/RegisterFile.v">
      <FileInfo>
        <Attr Name="AutoDisabled" Val="1"/>
        <Attr Name="UsedIn" Val="synthesis"/>
        <Attr Name="UsedIn" Val="implementation"/>
        <Attr Name="UsedIn" Val="simulation"/>
      </FileInfo>
    </File>
    <Config>
      <Option Name="DesignMode" Val="RTL"/>
      <Option Name="TopModule" Val="InstructionMemory"/>
    </Config>
  </FileSet>
  <FileSet Name="constrs_in" Type="Constrs" RelSrcDir="$PSRCDIR/constrs_1" RelGenDir="$PGENDIR/constrs_1">
    <Filter Type="Constrs"/>
    <Config>
      <Option Name="ConstrsType" Val="XDC"/>
    </Config>
  </FileSet>
  <FileSet Name="utils" Type="Utils" RelSrcDir="$PSRCDIR/utils_1" RelGenDir="$PGENDIR/utils_1">
    <Filter Type="Utils"/>
    <File Path="$PSRCDIR/utils_1/imports/synth_1/ALU.dcp">
      <FileInfo>
        <Attr Name="UsedIn" Val="synthesis"/>
        <Attr Name="UsedIn" Val="implementation"/>
        <Attr Name="UsedInSteps" Val="synth_1"/>
        <Attr Name="UsedInSteps" Val="synth_1_copy_1"/>
        <Attr Name="UsedInSteps" Val="synth_1_copy_2"/>
        <Attr Name="UsedInSteps" Val="synth_1_copy_3"/>
        <Attr Name="UsedInSteps" Val="synth_1_copy_4"/>
        <Attr Name="AutoDcp" Val="1"/>
      </FileInfo>
    </File>
    <Config>
      <Option Name="TopAutoSet" Val="TRUE"/>
    </Config>
  </FileSet>
  <Strategy Version="1" Minor="2">
    <StratHandle Name="Vivado Implementation Defaults" Flow="Vivado Implementation 2023"/>
    <Step Id="init_design"/>
    <Step Id="opt_design"/>
    <Step Id="power_opt_design"/>
    <Step Id="place_design"/>
    <Step Id="post_place_power_opt_design"/>
    <Step Id="phys_opt_design"/>
    <Step Id="route_design"/>
    <Step Id="post_route_phys_opt_design"/>
    <Step Id="write_bitstream"/>
    <Step Id="write_device_image"/>
  </Strategy>
</GenRun>
